index,브랜드코드,브랜드명,점포번호,점포명,사업자번호,MENU_CD,MENU_FULL_NM,MENU_NM,판매가격,label
200,gkfajsl,할머니가래떡볶이,1002,할머니가래떡볶이(발산점),336-27-00944,B0000038,3단계,3단계,0,옵션
201,gkfajsl,할머니가래떡볶이,1002,할머니가래떡볶이(발산점),336-27-00944,B0000039,밀떡변경,밀떡변경,0,옵션
202,gkfajsl,할머니가래떡볶이,1002,할머니가래떡볶이(발산점),336-27-00944,B0000040,분모자변경,분모자변경,"2,000",옵션
203,gkfajsl,할머니가래떡볶이,1002,할머니가래떡볶이(발산점),336-27-00944,B0000041,파마산,파마산,500,옵션
204,gkfajsl,할머니가래떡볶이,1002,할머니가래떡볶이(발산점),336-27-00944,B0000042,콩가루,콩가루,500,옵션
205,gkfajsl,할머니가래떡볶이,1002,할머니가래떡볶이(발산점),336-27-00944,B0000043,계란1개,계란1개,500,옵션
206,gkfajsl,할머니가래떡볶이,1002,할머니가래떡볶이(발산점),336-27-00944,B0000044,비엔나5개,비엔나5개,"1,000",옵션
207,gkfajsl,할머니가래떡볶이,1002,할머니가래떡볶이(발산점),336-27-00944,B0000045,가래떡1개,가래떡1개,"1,000",옵션
208,gkfajsl,할머니가래떡볶이,1002,할머니가래떡볶이(발산점),336-27-00944,B0000046,어묵사리,어묵사리,"1,000",옵션
209,gkfajsl,할머니가래떡볶이,1002,할머니가래떡볶이(발산점),336-27-00944,B0000047,치즈사리,치즈사리,"2,000",옵션
210,gkfajsl,할머니가래떡볶이,1002,할머니가래떡볶이(발산점),336-27-00944,B0000048,분모자,분모자,"1,500",옵션
211,gkfajsl,할머니가래떡볶이,1002,할머니가래떡볶이(발산점),336-27-00944,B0000049,테스트상품1,테스트상품1,"1,000",drop
212,gkfajsl,할머니가래떡볶이,1002,할머니가래떡볶이(발산점),336-27-00944,B0000050,오픈행사(남포동과순살치킨),오픈행사(남포동과순살치킨),"8,000",순살 치킨
213,gkfajsl,할머니가래떡볶이,1002,할머니가래떡볶이(발산점),336-27-00944,B0000051,닭갈비가래떡볶이,닭갈비가래떡볶이,"9,900",떡볶이
214,gkfajsl,할머니가래떡볶이,1002,할머니가래떡볶이(발산점),336-27-00944,B0000053,카스(병),카스(병),"4,000",카스
215,gkfajsl,할머니가래떡볶이,1002,할머니가래떡볶이(발산점),336-27-00944,B0000054,테라(병),테라(병),"4,000",테라
216,gkfajsl,할머니가래떡볶이,1002,할머니가래떡볶이(발산점),336-27-00944,B0000055,카프리(병),카프리(병),"4,000",카프리
217,gkfajsl,할머니가래떡볶이,1002,할머니가래떡볶이(발산점),336-27-00944,B0000056,소주(처음처럼),소주(처음처럼),"4,000",처음처럼
218,gkfajsl,할머니가래떡볶이,1002,할머니가래떡볶이(발산점),336-27-00944,B0000057,소주(참이슬 순한),소주(참이슬 순한),"4,000",참이슬 fresh
219,gkfajsl,할머니가래떡볶이,1002,할머니가래떡볶이(발산점),336-27-00944,B0000058,소주(진로이즈백),소주(진로이즈백),"4,000",진로
220,gkfajsl,할머니가래떡볶이,1002,할머니가래떡볶이(발산점),336-27-00944,B0000059,(포장할인)남순모SET,(포장할인)남순모SET,"14,900",?
221,gkfajsl,할머니가래떡볶이,1002,할머니가래떡볶이(발산점),336-27-00944,B0000060,(포장할인) 남포동과순살치킨,(포장할인) 남포동과순살치킨,"12,900",순살 치킨
222,gkfajsl,할머니가래떡볶이,1002,할머니가래떡볶이(발산점),336-27-00944,B0000061,(포장할인)할가떡튀김SET,(포장할인)할가떡튀김SET,"15,900",떡볶이 튀김 세트
223,gkfajsl,할머니가래떡볶이,1002,할머니가래떡볶이(발산점),336-27-00944,B0000062,(포장할인)어떡할가SET,(포장할인)어떡할가SET,"14,900",?
224,gkfajsl,할머니가래떡볶이,1002,할머니가래떡볶이(발산점),336-27-00944,B0000063,(포장할인)남김모SET,(포장할인)남김모SET,"14,900",?
225,onsushi,호주에서온스시,1002,호주에서온스시(연산),382-07-02156,B0000001,특선세트10P(1인분),특선세트10P(1인분),"10,900",초밥
226,onsushi,호주에서온스시,1002,호주에서온스시(연산),382-07-02156,B0000002,초밥세트12P(1인분),초밥세트12P(1인분),"12,900",초밥
227,onsushi,호주에서온스시,1002,호주에서온스시(연산),382-07-02156,B0000003,초밥세트26P(2인분),초밥세트26P(2인분),"20,900",초밥
228,onsushi,호주에서온스시,1002,호주에서온스시(연산),382-07-02156,B0000004,연어세트12P(1인분),연어세트12P(1인분),"16,900",초밥
229,onsushi,호주에서온스시,1002,호주에서온스시(연산),382-07-02156,B0000005,스시앤롤세트22P(2인분),스시앤롤세트22P(2인분),"24,900",초밥
230,onsushi,호주에서온스시,1002,호주에서온스시(연산),382-07-02156,B0000352,호온세트,호온세트,"10,900",초밥
231,onsushi,호주에서온스시,1002,호주에서온스시(연산),382-07-02156,B0000006,간장새우초밥4p,간장새우초밥4p,"6,400",초밥
232,onsushi,호주에서온스시,1002,호주에서온스시(연산),382-07-02156,B0000007,구운소고기초밥4p,구운소고기초밥4p,"6,400",초밥
233,onsushi,호주에서온스시,1002,호주에서온스시(연산),382-07-02156,B0000008,생연어초밥4p,생연어초밥4p,"6,600",초밥
234,onsushi,호주에서온스시,1002,호주에서온스시(연산),382-07-02156,B0000009,구운연어초밥4p,구운연어초밥4p,"6,600",초밥
235,onsushi,호주에서온스시,1002,호주에서온스시(연산),382-07-02156,B0000010,광어초밥4p,광어초밥4p,"5,900",초밥
236,onsushi,호주에서온스시,1002,호주에서온스시(연산),382-07-02156,B0000011,구운장어초밥4p,구운장어초밥4p,"5,900",초밥
237,onsushi,호주에서온스시,1002,호주에서온스시(연산),382-07-02156,B0000012,초새우초밥4p,초새우초밥4p,"3,700",초밥
238,onsushi,호주에서온스시,1002,호주에서온스시(연산),382-07-02156,B0000013,구운계란초밥4p,구운계란초밥4p,"3,700",초밥
239,onsushi,호주에서온스시,1002,호주에서온스시(연산),382-07-02156,B0000014,구운유부초밥4p,구운유부초밥4p,"3,700",초밥
240,onsushi,호주에서온스시,1002,호주에서온스시(연산),382-07-02156,B0000015,구운새우초밥4p,구운새우초밥4p,"4,400",초밥
241,onsushi,호주에서온스시,1002,호주에서온스시(연산),382-07-02156,B0000016,관자초밥 4p,관자초밥 4p,"5,900",초밥
242,onsushi,호주에서온스시,1002,호주에서온스시(연산),382-07-02156,B0000389,한치 4p,한치 4p,"3,400",초밥
243,onsushi,호주에서온스시,1002,호주에서온스시(연산),382-07-02156,B0000390,구운게살 4p,구운게살 4p,"3,400",초밥
244,onsushi,호주에서온스시,1002,호주에서온스시(연산),382-07-02156,B0000413,한치 4p,한치 4p,"3,700",초밥
245,onsushi,호주에서온스시,1002,호주에서온스시(연산),382-07-02156,B0000414,구운게살 4p,구운게살 4p,"3,700",초밥
246,onsushi,호주에서온스시,1002,호주에서온스시(연산),382-07-02156,B0000017,캘리포니아롤9p,캘리포니아롤9p,"8,900",롤
247,onsushi,호주에서온스시,1002,호주에서온스시(연산),382-07-02156,B0000018,연어아보카도롤9p,연어아보카도롤9p,"10,900",롤
248,onsushi,호주에서온스시,1002,호주에서온스시(연산),382-07-02156,B0000019,치킨카츠아보카도롤9p,치킨카츠아보카도롤9p,"8,900",롤
249,onsushi,호주에서온스시,1002,호주에서온스시(연산),382-07-02156,B0000039,연어스테이크롤8p,연어스테이크롤8p,"14,900",롤
250,onsushi,호주에서온스시,1002,호주에서온스시(연산),382-07-02156,B0000040,구운장어롤 8p,구운장어롤 8p,"14,900",롤
251,onsushi,호주에서온스시,1002,호주에서온스시(연산),382-07-02156,B0000294,연어크림치즈아보카도롤9p,연어크림치즈아보카도롤9p,"11,900",롤
252,onsushi,호주에서온스시,1002,호주에서온스시(연산),382-07-02156,B0000295,콤비네이션롤9p,콤비네이션롤9p,"10,900",롤
253,onsushi,호주에서온스시,1002,호주에서온스시(연산),382-07-02156,B0000020,한개우동,한개우동,"6,000",우동
254,onsushi,호주에서온스시,1002,호주에서온스시(연산),382-07-02156,B0000021,반개우동,반개우동,"3,000",우동
255,onsushi,호주에서온스시,1002,호주에서온스시(연산),382-07-02156,B0000022,모듬고로케3p,모듬고로케3p,"3,000",고로케
256,onsushi,호주에서온스시,1002,호주에서온스시(연산),382-07-02156,B0000023,새우튀김 3p,새우튀김 3p,"3,000",튀김
257,onsushi,호주에서온스시,1002,호주에서온스시(연산),382-07-02156,B0000024,타코야끼볼 6p,타코야끼볼 6p,"3,000",타코야끼
258,onsushi,호주에서온스시,1002,호주에서온스시(연산),382-07-02156,B0000037,등심돈까스+유부초밥,등심돈까스+유부초밥,"8,000",돈까스+초밥
259,onsushi,호주에서온스시,1002,호주에서온스시(연산),382-07-02156,B0000038,치즈돈까스+유부초밥,치즈돈까스+유부초밥,"9,000",돈까스+초밥
260,onsushi,호주에서온스시,1002,호주에서온스시(연산),382-07-02156,B0000384,냉모밀,냉모밀,"7,000",냉모밀
261,onsushi,호주에서온스시,1002,호주에서온스시(연산),382-07-02156,B0000025,펩시콜라,펩시콜라,"2,000",콜라
262,onsushi,호주에서온스시,1002,호주에서온스시(연산),382-07-02156,B0000026,칠성사이다,칠성사이다,"2,000",사이다
263,onsushi,호주에서온스시,1002,호주에서온스시(연산),382-07-02156,B0000027,미린다파인,미린다파인,"2,000",미린다
264,onsushi,호주에서온스시,1002,호주에서온스시(연산),382-07-02156,B0000028,밀키스,밀키스,"2,000",밀키스
265,onsushi,호주에서온스시,1002,호주에서온스시(연산),382-07-02156,B0000029,마운틴듀 ,마운틴듀 ,"2,000",마운틴듀
266,onsushi,호주에서온스시,1002,호주에서온스시(연산),382-07-02156,B0000030,대선 ,대선 ,"4,000",대선
267,onsushi,호주에서온스시,1002,호주에서온스시(연산),382-07-02156,B0000031,참이슬 ,참이슬 ,"4,000",참이슬
268,onsushi,호주에서온스시,1002,호주에서온스시(연산),382-07-02156,B0000032,좋은데이,좋은데이,"4,000",좋은데이
269,onsushi,호주에서온스시,1002,호주에서온스시(연산),382-07-02156,B0000033,진로,진로,"4,000",진로
270,onsushi,호주에서온스시,1002,호주에서온스시(연산),382-07-02156,B0000034,테라 ,테라 ,"4,000",테라
271,onsushi,호주에서온스시,1002,호주에서온스시(연산),382-07-02156,B0000035,카스 ,카스 ,"4,000",카스
272,onsushi,호주에서온스시,1002,호주에서온스시(연산),382-07-02156,B0000036,클라우드,클라우드,"4,000",클라우드
273,onsushi,호주에서온스시,1002,호주에서온스시(연산),382-07-02156,B0000312,처음처럼,처음처럼,"4,000",처음처럼
274,onsushi,호주에서온스시,1002,호주에서온스시(연산),382-07-02156,B0000313,스파클링,스파클링,"2,000",스파클링
275,onsushi,호주에서온스시,1002,호주에서온스시(연산),382-07-02156,B0000350,트로피카나스파클링 오랜지,트로피카나스파클링 오랜지,"2,000",스파클링
276,onsushi,호주에서온스시,1002,호주에서온스시(연산),382-07-02156,B0000095,연어,연어,0,옵션
277,onsushi,호주에서온스시,1002,호주에서온스시(연산),382-07-02156,B0000096,광어,광어,0,옵션
278,onsushi,호주에서온스시,1002,호주에서온스시(연산),382-07-02156,B0000097,장어,장어,0,옵션
279,onsushi,호주에서온스시,1002,호주에서온스시(연산),382-07-02156,B0000098,관자,관자,0,옵션
280,onsushi,호주에서온스시,1002,호주에서온스시(연산),382-07-02156,B0000099,소고기,소고기,0,옵션
281,onsushi,호주에서온스시,1002,호주에서온스시(연산),382-07-02156,B0000100,초새우,초새우,0,옵션
282,onsushi,호주에서온스시,1002,호주에서온스시(연산),382-07-02156,B0000101,간장새우,간장새우,0,옵션
283,onsushi,호주에서온스시,1002,호주에서온스시(연산),382-07-02156,B0000102,한치,한치,0,옵션
284,onsushi,호주에서온스시,1002,호주에서온스시(연산),382-07-02156,B0000103,대게살,대게살,0,옵션
285,onsushi,호주에서온스시,1002,호주에서온스시(연산),382-07-02156,B0000104,계란,계란,0,옵션
286,onsushi,호주에서온스시,1002,호주에서온스시(연산),382-07-02156,B0000105,유부,유부,0,옵션
287,onsushi,호주에서온스시,1002,호주에서온스시(연산),382-07-02156,B0000106,진맛살(롤용),진맛살(롤용),0,옵션
288,onsushi,호주에서온스시,1002,호주에서온스시(연산),382-07-02156,B0000107,새우튀김,새우튀김,0,옵션
289,onsushi,호주에서온스시,1002,호주에서온스시(연산),382-07-02156,B0000108,감자고로케,감자고로케,0,옵션
290,onsushi,호주에서온스시,1002,호주에서온스시(연산),382-07-02156,B0000109,카레고로케,카레고로케,0,옵션
291,onsushi,호주에서온스시,1002,호주에서온스시(연산),382-07-02156,B0000110,야채고로케,야채고로케,0,옵션
292,onsushi,호주에서온스시,1002,호주에서온스시(연산),382-07-02156,B0000111,타코야끼볼,타코야끼볼,0,옵션
293,onsushi,호주에서온스시,1002,호주에서온스시(연산),382-07-02156,B0000112,락교,락교,0,옵션
294,onsushi,호주에서온스시,1002,호주에서온스시(연산),382-07-02156,B0000113,생와사비,생와사비,0,옵션
295,onsushi,호주에서온스시,1002,호주에서온스시(연산),382-07-02156,B0000114,산고추,산고추,0,옵션
296,onsushi,호주에서온스시,1002,호주에서온스시(연산),382-07-02156,B0000115,초생강(적),초생강(적),0,옵션
297,onsushi,호주에서온스시,1002,호주에서온스시(연산),382-07-02156,B0000116,단무지,단무지,0,옵션
298,onsushi,호주에서온스시,1002,호주에서온스시(연산),382-07-02156,B0000117,날치알,날치알,0,옵션
299,onsushi,호주에서온스시,1002,호주에서온스시(연산),382-07-02156,B0000118,돈카츠,돈카츠,0,옵션
300,onsushi,호주에서온스시,1002,호주에서온스시(연산),382-07-02156,B0000119,치즈카츠,치즈카츠,0,옵션
301,onsushi,호주에서온스시,1002,호주에서온스시(연산),382-07-02156,B0000120,치킨카츠,치킨카츠,0,옵션
302,onsushi,호주에서온스시,1002,호주에서온스시(연산),382-07-02156,B0000121,우동면,우동면,0,옵션
303,onsushi,호주에서온스시,1002,호주에서온스시(연산),382-07-02156,B0000122,우동쯔유,우동쯔유,0,옵션
304,onsushi,호주에서온스시,1002,호주에서온스시(연산),382-07-02156,B0000123,우동어묵,우동어묵,0,옵션
305,onsushi,호주에서온스시,1002,호주에서온스시(연산),382-07-02156,B0000124,가쓰오부시,가쓰오부시,0,옵션
306,onsushi,호주에서온스시,1002,호주에서온스시(연산),382-07-02156,B0000125,돈카츠소스,돈카츠소스,0,옵션
307,onsushi,호주에서온스시,1002,호주에서온스시(연산),382-07-02156,B0000126,타르타르소스,타르타르소스,0,옵션
308,onsushi,호주에서온스시,1002,호주에서온스시(연산),382-07-02156,B0000127,파슬리,파슬리,0,옵션
309,onsushi,호주에서온스시,1002,호주에서온스시(연산),382-07-02156,B0000128,초대리,초대리,0,옵션
310,onsushi,호주에서온스시,1002,호주에서온스시(연산),382-07-02156,B0000129,데리야끼소스,데리야끼소스,0,옵션
311,onsushi,호주에서온스시,1002,호주에서온스시(연산),382-07-02156,B0000130,스파이시소스,스파이시소스,0,옵션
312,onsushi,호주에서온스시,1002,호주에서온스시(연산),382-07-02156,B0000131,김,김,0,옵션
313,onsushi,호주에서온스시,1002,호주에서온스시(연산),382-07-02156,B0000132,붕어간장,붕어간장,0,옵션
314,onsushi,호주에서온스시,1002,호주에서온스시(연산),382-07-02156,B0000133,스시4용기,스시4용기,0,drop
315,onsushi,호주에서온스시,1002,호주에서온스시(연산),382-07-02156,B0000134,스시10용기,스시10용기,0,drop
316,onsushi,호주에서온스시,1002,호주에서온스시(연산),382-07-02156,B0000135,스시12용기,스시12용기,0,drop
317,onsushi,호주에서온스시,1002,호주에서온스시(연산),382-07-02156,B0000136,스시26용기,스시26용기,0,drop
318,onsushi,호주에서온스시,1002,호주에서온스시(연산),382-07-02156,B0000137,돈까스용기,돈까스용기,0,drop
319,onsushi,호주에서온스시,1002,호주에서온스시(연산),382-07-02156,B0000138,롤용기,롤용기,0,drop
320,onsushi,호주에서온스시,1002,호주에서온스시(연산),382-07-02156,B0000139,우동용기,우동용기,0,drop
321,onsushi,호주에서온스시,1002,호주에서온스시(연산),382-07-02156,B0000140,우동국물(소),우동국물(소),0,drop
322,onsushi,호주에서온스시,1002,호주에서온스시(연산),382-07-02156,B0000141,우동국물(대),우동국물(대),0,drop
323,onsushi,호주에서온스시,1002,호주에서온스시(연산),382-07-02156,B0000142,반찬용기,반찬용기,0,drop
324,onsushi,호주에서온스시,1002,호주에서온스시(연산),382-07-02156,B0000143,비닐봉지(소),비닐봉지(소),0,drop
325,onsushi,호주에서온스시,1002,호주에서온스시(연산),382-07-02156,B0000144,비닐봉지(대),비닐봉지(대),0,drop
326,onsushi,호주에서온스시,1002,호주에서온스시(연산),382-07-02156,B0000145,나무젓가락,나무젓가락,0,drop
327,onsushi,호주에서온스시,1002,호주에서온스시(연산),382-07-02156,B0000146,해동지,해동지,0,drop
328,coffeemama,커피마마퀸,1024,커피마마퀸 조암점,847-87-00943,B0000003,카페라떼,카페라떼,"2,800",카페라떼
329,coffeemama,커피마마퀸,1024,커피마마퀸 조암점,847-87-00943,B0000005,바닐라라떼,바닐라라떼,"3,300",바닐라라떼
330,coffeemama,커피마마퀸,1024,커피마마퀸 조암점,847-87-00943,B0000006,헤이즐넛아메리카노,헤이즐넛아메리카노,"3,500",헤이즐넛아메리카노
331,coffeemama,커피마마퀸,1024,커피마마퀸 조암점,847-87-00943,B0000007,연유라떼,연유라떼,"3,500",연유라떼
332,coffeemama,커피마마퀸,1024,커피마마퀸 조암점,847-87-00943,B0000008,카라멜 마끼아또,카라멜 마끼아또,"3,500",카라멜마끼아또
333,coffeemama,커피마마퀸,1024,커피마마퀸 조암점,847-87-00943,B0000009,카페모카,카페모카,"3,500",카페모카
334,coffeemama,커피마마퀸,1024,커피마마퀸 조암점,847-87-00943,B0000010,민트모카,민트모카,"4,200",민트모카
335,coffeemama,커피마마퀸,1024,커피마마퀸 조암점,847-87-00943,B0000011,꿀 아메리카노,꿀 아메리카노,"2,800",꿀 아메리카노
336,coffeemama,커피마마퀸,1024,커피마마퀸 조암점,847-87-00943,B0000012,꿀 카페라떼,꿀 카페라떼,"3,800",꿀 카페라떼
337,coffeemama,커피마마퀸,1024,커피마마퀸 조암점,847-87-00943,B0000013,치즈크림 아메리카노(only ice),치즈크림 아메리카노(only ice),"4,000",치즈크림 아메리카노
338,coffeemama,커피마마퀸,1024,커피마마퀸 조암점,847-87-00943,B0000014,치즈크림 카페라떼(only ice),치즈크림 카페라떼(only ice),"4,500",치즈크림 카페라떼
339,coffeemama,커피마마퀸,1024,커피마마퀸 조암점,847-87-00943,B0000015,시럽/샷/휘핑/코코넛젤리추가,시럽/샷/휘핑/코코넛젤리추가,500,옵션
340,coffeemama,커피마마퀸,1024,커피마마퀸 조암점,847-87-00943,B0000162,아메리카노,아메리카노,"1,500",아메리카노
341,coffeemama,커피마마퀸,1024,커피마마퀸 조암점,847-87-00943,B0000163,1리터아메(only ice),1리터아메(only ice,"3,500",아메리카노
342,coffeemama,커피마마퀸,1024,커피마마퀸 조암점,847-87-00943,B0000165,(행사)아메리카노,(행사)아메리카노,"1,000",아메리카노
343,coffeemama,커피마마퀸,1024,커피마마퀸 조암점,847-87-00943,B0000173,카푸치노,카푸치노,"2,800",카푸치노
344,coffeemama,커피마마퀸,1024,커피마마퀸 조암점,847-87-00943,B0000016,초코라떼,초코라떼,"3,300",초코라떼
345,coffeemama,커피마마퀸,1024,커피마마퀸 조암점,847-87-00943,B0000017,녹차라떼,녹차라떼,"3,300",녹차라떼
346,coffeemama,커피마마퀸,1024,커피마마퀸 조암점,847-87-00943,B0000018,밀크티,밀크티,"3,300",밀크티
347,coffeemama,커피마마퀸,1024,커피마마퀸 조암점,847-87-00943,B0000019,고구마라떼,고구마라떼,"3,500",고구마라떼
348,coffeemama,커피마마퀸,1024,커피마마퀸 조암점,847-87-00943,B0000020,흑임자라떼,흑임자라떼,"3,500",흑임자라떼
349,coffeemama,커피마마퀸,1024,커피마마퀸 조암점,847-87-00943,B0000021,딸기라떼(only ice),딸기라떼(only ice),"3,800",딸기라떼
350,coffeemama,커피마마퀸,1024,커피마마퀸 조암점,847-87-00943,B0000022,민트초코라떼,민트초코라떼,"3,800",민트초코라떼
351,coffeemama,커피마마퀸,1024,커피마마퀸 조암점,847-87-00943,B0000023,이천쌀라떼(only hot),이천쌀라떼(only hot),"3,800",이천쌀라떼
352,coffeemama,커피마마퀸,1024,커피마마퀸 조암점,847-87-00943,B0000024,초코버블라떼(only ice),초코버블라떼(only ice),"4,000",초코버블라떼
353,coffeemama,커피마마퀸,1024,커피마마퀸 조암점,847-87-00943,B0000025,그린티버블라떼(only ice),그린티버블라떼(only ice),"4,000",그린티버블라떼
354,coffeemama,커피마마퀸,1024,커피마마퀸 조암점,847-87-00943,B0000026,쿠앤크버블라떼(only ice),쿠앤크버블라떼(only ice),"4,000",쿠앤크버블라떼
355,coffeemama,커피마마퀸,1024,커피마마퀸 조암점,847-87-00943,B0000027,딸기버블라떼(only ice),딸기버블라떼(only ice),"4,000",딸기버블라떼
356,coffeemama,커피마마퀸,1024,커피마마퀸 조암점,847-87-00943,B0000028,흑당버블라떼(only ice),흑당버블라떼(only ice),"4,000",흑당버블라떼
357,coffeemama,커피마마퀸,1024,커피마마퀸 조암점,847-87-00943,B0000384,오곡라떼,오곡라떼,"3,800",오곡라떼
358,coffeemama,커피마마퀸,1024,커피마마퀸 조암점,847-87-00943,B0000029,커피 프라페,커피 프라페,"4,500",커피 프라페
359,coffeemama,커피마마퀸,1024,커피마마퀸 조암점,847-87-00943,B0000030,헤이즐넛  프라페,헤이즐넛  프라페,"4,500",헤이즐넛 프라페
360,coffeemama,커피마마퀸,1024,커피마마퀸 조암점,847-87-00943,B0000031,녹차 프라페,녹차 프라페,"4,500",녹차 프라페
361,coffeemama,커피마마퀸,1024,커피마마퀸 조암점,847-87-00943,B0000032,민트초코칩 프라페,민트초코칩 프라페,"4,800",민트초코칩 프라페
362,coffeemama,커피마마퀸,1024,커피마마퀸 조암점,847-87-00943,B0000033,자바칩 프라페,자바칩 프라페,"4,800",자바칩 프라페
363,coffeemama,커피마마퀸,1024,커피마마퀸 조암점,847-87-00943,B0000034,쿠앤크 프라페,쿠앤크 프라페,"5,000",쿠앤크 프라페
364,coffeemama,커피마마퀸,1024,커피마마퀸 조암점,847-87-00943,B0000035,이천쌀 프라페,이천쌀 프라페,"4,800",이천쌀 프라페
365,coffeemama,커피마마퀸,1024,커피마마퀸 조암점,847-87-00943,B0000036,플레인 요거트 스무디,플레인 요거트 스무디,"3,800",플레인 요거트 스무디
366,coffeemama,커피마마퀸,1024,커피마마퀸 조암점,847-87-00943,B0000037,딸기 요거트 스무디,딸기 요거트 스무디,"3,800",딸기 요거트 스무디
367,coffeemama,커피마마퀸,1024,커피마마퀸 조암점,847-87-00943,B0000038,망고 요거트 스무디,망고 요거트 스무디,"3,800",망고 요거트 스무디
368,coffeemama,커피마마퀸,1024,커피마마퀸 조암점,847-87-00943,B0000039,자두 요거트 스무디,자두 요거트 스무디,"3,800",자두 요거트 스무디
369,coffeemama,커피마마퀸,1024,커피마마퀸 조암점,847-87-00943,B0000040,큐브수박스무디(계절),큐브수박스무디(계절),"4,500",큐브 수박 스무디
370,coffeemama,커피마마퀸,1024,커피마마퀸 조암점,847-87-00943,B0000041,큐브망고스무디(계절),큐브망고스무디(계절),"4,500",큐브 망고 스무디
371,coffeemama,커피마마퀸,1024,커피마마퀸 조암점,847-87-00943,B0000042,인절미 빙수치노,인절미 빙수치노,"5,000",인절미 빙수치노
372,coffeemama,커피마마퀸,1024,커피마마퀸 조암점,847-87-00943,B0000043,딸기 빙수치노,딸기 빙수치노,"5,000",딸기 빙수치노
373,coffeemama,커피마마퀸,1024,커피마마퀸 조암점,847-87-00943,B0000044,흑임자 빙수치노,흑임자 빙수치노,"5,000",흑임자 빙수치노
374,coffeemama,커피마마퀸,1024,커피마마퀸 조암점,847-87-00943,B0000045,바닐라 코코팝,바닐라 코코팝,"4,000",바닐라 코코팝
375,coffeemama,커피마마퀸,1024,커피마마퀸 조암점,847-87-00943,B0000046,딸기 코코팝,딸기 코코팝,"4,000",딸기 코코팝
376,coffeemama,커피마마퀸,1024,커피마마퀸 조암점,847-87-00943,B0000047,쿠앤크 코코팝,쿠앤크 코코팝,"4,000",쿠앤크 코코팝
377,coffeemama,커피마마퀸,1024,커피마마퀸 조암점,847-87-00943,B0000048,밀크 쉐이크,밀크 쉐이크,"4,200",밀크 쉐이크
378,coffeemama,커피마마퀸,1024,커피마마퀸 조암점,847-87-00943,B0000049,딸기오레오 쉐이크,딸기오레오 쉐이크,"4,200",딸기오레오 쉐이크
379,coffeemama,커피마마퀸,1024,커피마마퀸 조암점,847-87-00943,B0000050,오레오 쉐이크,오레오 쉐이크,"4,200",오레오 쉐이크
380,coffeemama,커피마마퀸,1024,커피마마퀸 조암점,847-87-00943,B0000051,녹차오레오 쉐이크,녹차오레오 쉐이크,"4,200",녹차오레오 쉐이크
381,coffeemama,커피마마퀸,1024,커피마마퀸 조암점,847-87-00943,B0000052,꿀고구마아메세트,꿀고구마아메세트,"3,500",고구마+아메리카노
382,coffeemama,커피마마퀸,1024,커피마마퀸 조암점,847-87-00943,B0000053,꿀고구마라떼세트,꿀고구마라떼세트,"4,500",고구마+카페라떼
383,coffeemama,커피마마퀸,1024,커피마마퀸 조암점,847-87-00943,B0000054,꿀고구마단짝아메세트,꿀고구마단짝아메세트,"8,500",?
384,coffeemama,커피마마퀸,1024,커피마마퀸 조암점,847-87-00943,B0000055,딸기주스,딸기주스,"4,200",딸기 주스
385,coffeemama,커피마마퀸,1024,커피마마퀸 조암점,847-87-00943,B0000056,바나나주스,바나나주스,"4,200",바나나 주스
386,coffeemama,커피마마퀸,1024,커피마마퀸 조암점,847-87-00943,B0000057,딸기바나나주스,딸기바나나주스,"4,200",딸기 바나나 주스
387,coffeemama,커피마마퀸,1024,커피마마퀸 조암점,847-87-00943,B0000058,키위주스,키위주스,"4,200",키위 주스
388,coffeemama,커피마마퀸,1024,커피마마퀸 조암점,847-87-00943,B0000059,토마토주스,토마토주스,"4,200",토마토 주스
389,coffeemama,커피마마퀸,1024,커피마마퀸 조암점,847-87-00943,B0000060,오렌지주스,오렌지주스,"4,200",오렌지 주스
390,coffeemama,커피마마퀸,1024,커피마마퀸 조암점,847-87-00943,B0000061,블루베리주스,블루베리주스,"4,200",블루베리 주스
391,coffeemama,커피마마퀸,1024,커피마마퀸 조암점,847-87-00943,B0000062,망고주스,망고주스,"4,500",망고 주스
392,coffeemama,커피마마퀸,1024,커피마마퀸 조암점,847-87-00943,B0000063,핑크레몬 에이드,핑크레몬 에이드,"3,900",핑크 레몬 에이드
393,coffeemama,커피마마퀸,1024,커피마마퀸 조암점,847-87-00943,B0000064,블루레몬 에이드,블루레몬 에이드,"3,900",블루 레몬 에이드
394,coffeemama,커피마마퀸,1024,커피마마퀸 조암점,847-87-00943,B0000065,청포도 에이드,청포도 에이드,"3,900",청포도 에이드
395,coffeemama,커피마마퀸,1024,커피마마퀸 조암점,847-87-00943,B0000066,자몽에이드,자몽에이드,"3,900",자몽 에이드
396,coffeemama,커피마마퀸,1024,커피마마퀸 조암점,847-87-00943,B0000067,자두에이드,자두에이드,"3,900",자두 에이드
397,coffeemama,커피마마퀸,1024,커피마마퀸 조암점,847-87-00943,B0000068,복숭아 아이스티,복숭아 아이스티,"2,800",복숭아 아이스티
398,coffeemama,커피마마퀸,1024,커피마마퀸 조암점,847-87-00943,B0000069,홍차_얼그레이,홍차_얼그레이,"2,800",얼그레이
399,coffeemama,커피마마퀸,1024,커피마마퀸 조암점,847-87-00943,B0000070,허브티_캐모마일,허브티_캐모마일,"2,800",캐모마일
400,coffeemama,커피마마퀸,1024,커피마마퀸 조암점,847-87-00943,B0000071,허브티_레몬그라스,허브티_레몬그라스,"2,800",레몬그라스
401,coffeemama,커피마마퀸,1024,커피마마퀸 조암점,847-87-00943,B0000072,꿀 캐미유자차,꿀 캐미유자차,"3,300",유자차
402,coffeemama,커피마마퀸,1024,커피마마퀸 조암점,847-87-00943,B0000073,꿀 레몬그라스차,꿀 레몬그라스차,"3,300",꿀 레몬그라스차
403,coffeemama,커피마마퀸,1024,커피마마퀸 조암점,847-87-00943,B0000074,꿀 블랙오미자차,꿀 블랙오미자차,"3,300",꿀 블랙오미자차
404,coffeemama,커피마마퀸,1024,커피마마퀸 조암점,847-87-00943,B0000704,1리터 아이스티  (only ice),1리터 아이스티 (only ice),"4,300",아이스티
405,coffeemama,커피마마퀸,1024,커피마마퀸 조암점,847-87-00943,B0000075,쿠키 2종,쿠키 2종,"1,500",쿠키
406,coffeemama,커피마마퀸,1024,커피마마퀸 조암점,847-87-00943,B0000076,베이글칩 2종 (허니버터 갈릭버터),베이글칩 2종,"2,500",베이글칩
407,coffeemama,커피마마퀸,1024,커피마마퀸 조암점,847-87-00943,B0000077,웨하스 2종 (나폴리타너바닐라),웨하스 2종,"1,500",웨하스
408,coffeemama,커피마마퀸,1024,커피마마퀸 조암점,847-87-00943,B0000078,스투룹와플,스투룹와플,"1,500",스투룹 와플
409,coffeemama,커피마마퀸,1024,커피마마퀸 조암점,847-87-00943,B0000079,앤디스초콜릿 2종,앤디스초콜릿 2종,"2,300",초콜릿
410,coffeemama,커피마마퀸,1024,커피마마퀸 조암점,847-87-00943,B0000237,초코칩 머핀,초코칩 머핀,"2,500",초코 머핀
411,coffeemama,커피마마퀸,1024,커피마마퀸 조암점,847-87-00943,B0000080,비스킷슈 2종(바닐라초코),비스킷슈 2종,"3,000",비스킷 슈
412,coffeemama,커피마마퀸,1024,커피마마퀸 조암점,847-87-00943,B0000081,크림카스테라,크림카스테라,"4,500",카스테라
413,coffeemama,커피마마퀸,1024,커피마마퀸 조암점,847-87-00943,B0000082,말렌카케이크 2종(월넛코코아),말렌카케이크 2종,"5,000",캐이크
414,coffeemama,커피마마퀸,1024,커피마마퀸 조암점,847-87-00943,B0000083,모카번,모카번,"2,500",모카번
415,coffeemama,커피마마퀸,1024,커피마마퀸 조암점,847-87-00943,B0000084,머핀 2종(초코블루베리),머핀 2종,"2,500",머핀
416,coffeemama,커피마마퀸,1024,커피마마퀸 조암점,847-87-00943,B0000085,마카롱 5종,마카롱 5종,"2,500",마카롱
417,coffeemama,커피마마퀸,1024,커피마마퀸 조암점,847-87-00943,B0000086,크림치즈 프레즐,크림치즈 프레즐,"2,800",프레즐
418,coffeemama,커피마마퀸,1024,커피마마퀸 조암점,847-87-00943,B0000087,베이글+크림치즈,베이글+크림치즈,"3,000",베이글
419,coffeemama,커피마마퀸,1024,커피마마퀸 조암점,847-87-00943,B0000088,소시지 페스츄리,소시지 페스츄리,"3,500",페스츄리
420,coffeemama,커피마마퀸,1024,커피마마퀸 조암점,847-87-00943,B0000089,크로크무슈,크로크무슈,"4,000",크로크무슈
421,coffeemama,커피마마퀸,1024,커피마마퀸 조암점,847-87-00943,B0000186,미니 떡볶이,미니 떡볶이,"4,300",떡볶이
422,coffeemama,커피마마퀸,1024,커피마마퀸 조암점,847-87-00943,B0000187,치즈미니 떡볶이,치즈미니 떡볶이,"4,800",치즈 떡볶이
423,coffeemama,커피마마퀸,1024,커피마마퀸 조암점,847-87-00943,B0000090,꿀고구마,꿀고구마,"2,200",고구마
424,coffeemama,커피마마퀸,1024,커피마마퀸 조암점,847-87-00943,B0000091,꿀고구마3개,꿀고구마3개,"6,000",고구마
425,coffeemama,커피마마퀸,1024,커피마마퀸 조암점,847-87-00943,B0000092,허니버터 꿀고구마,허니버터 꿀고구마,"3,200",고구마
426,coffeemama,커피마마퀸,1024,커피마마퀸 조암점,847-87-00943,B0000093,허니치즈 꿀고구마,허니치즈 꿀고구마,"3,200",고구마
427,coffeemama,커피마마퀸,1024,커피마마퀸 조암점,847-87-00943,B0000094,콘마요 꿀고구마,콘마요 꿀고구마,"3,200",고구마
428,coffeemama,커피마마퀸,1024,커피마마퀸 조암점,847-87-00943,B0000095,생크림와플,크림듬뿍와플,"2,800",와플
429,coffeemama,커피마마퀸,1024,커피마마퀸 조암점,847-87-00943,B0000096,사과잼와플,사과잼와플,"3,500",와플
430,coffeemama,커피마마퀸,1024,커피마마퀸 조암점,847-87-00943,B0000097,딸기잼와플,딸기잼와플,"3,500",와플
431,coffeemama,커피마마퀸,1024,커피마마퀸 조암점,847-87-00943,B0000098,블루베리잼와플,블루베리잼와플,"3,500",와플
432,coffeemama,커피마마퀸,1024,커피마마퀸 조암점,847-87-00943,B0000099,달달고구마와플,달달고구마와플,"3,800",와플
433,coffeemama,커피마마퀸,1024,커피마마퀸 조암점,847-87-00943,B0000100,팥이동동 와플,팥이동동 와플,"3,800",와플
434,coffeemama,커피마마퀸,1024,커피마마퀸 조암점,847-87-00943,B0000101,누텔라콕콕와플,누텔라콕콕와플,"4,000",와플
435,coffeemama,커피마마퀸,1024,커피마마퀸 조암점,847-87-00943,B0000102,블루베리크림치즈와플,블루베리크림치즈와플,"4,000",와플
436,coffeemama,커피마마퀸,1024,커피마마퀸 조암점,847-87-00943,B0000103,피넛딸기와플,피넛딸기와플,"4,000",와플
437,coffeemama,커피마마퀸,1024,커피마마퀸 조암점,847-87-00943,B0000104,피넛블루베리와플,피넛블루베리와플,"4,000",와플
438,coffeemama,커피마마퀸,1024,커피마마퀸 조암점,847-87-00943,B0000105,콘체다와플,콘체다와플,"4,500",와플
439,coffeemama,커피마마퀸,1024,커피마마퀸 조암점,847-87-00943,B0000106,시나몬바게트볼,시나몬바게트볼,"5,000",시나몬 바케트 볼
440,coffeemama,커피마마퀸,1024,커피마마퀸 조암점,847-87-00943,B0000107,스콘 2종 (건포도호두),스콘 2종 ,"2,500",스콘
441,coffeemama,커피마마퀸,1024,커피마마퀸 조암점,847-87-00943,B0000108,잉글리쉬머핀,잉글리쉬머핀,"3,500",머핀
442,coffeemama,커피마마퀸,1024,커피마마퀸 조암점,847-87-00943,B0000109,브라우니,브라우니,"3,800",브라우니
443,coffeemama,커피마마퀸,1024,커피마마퀸 조암점,847-87-00943,B0000110,아이스크림 브라우니,아이스크림 브라우니,"5,000",브라우니
444,coffeemama,커피마마퀸,1024,커피마마퀸 조암점,847-87-00943,B0000111,플레인크로플,플레인크로플,"2,800",크로플
445,coffeemama,커피마마퀸,1024,커피마마퀸 조암점,847-87-00943,B0000112,시나몬크로플,시나몬크로플,"3,300",크로플
446,coffeemama,커피마마퀸,1024,커피마마퀸 조암점,847-87-00943,B0000113,인절미크로플,인절미크로플,"3,800",크로플
447,coffeemama,커피마마퀸,1024,커피마마퀸 조암점,847-87-00943,B0000114,누텔라크로플,누텔라크로플,"3,800",크로플
448,coffeemama,커피마마퀸,1024,커피마마퀸 조암점,847-87-00943,B0000115,체다치즈크로플,체다치즈크로플,"3,800",크로플
449,coffeemama,커피마마퀸,1024,커피마마퀸 조암점,847-87-00943,B0000116,크림치즈크로플,크림치즈크로플,"4,300",크로플
450,coffeemama,커피마마퀸,1024,커피마마퀸 조암점,847-87-00943,B0000223,애플시나몬크로플,애플시나몬크로플,"4,300",크로플
451,coffeemama,커피마마퀸,1024,커피마마퀸 조암점,847-87-00943,B0000224,딸기크로플,딸기크로플,"4,300",크로플
452,coffeemama,커피마마퀸,1024,커피마마퀸 조암점,847-87-00943,B0000225,블루베리크로플,블루베리크로플,"4,300",크로플
453,coffeemama,커피마마퀸,1024,커피마마퀸 조암점,847-87-00943,B0000226,초코크런치크로플,초코크런치크로플,"4,300",크로플
454,coffeemama,커피마마퀸,1024,커피마마퀸 조암점,847-87-00943,B0000227,티라미수크로플,티라미수크로플,"4,300",크로플
455,coffeemama,커피마마퀸,1024,커피마마퀸 조암점,847-87-00943,B0000228,콘체다크로플,콘체다크로플,"4,300",크로플
456,coffeemama,커피마마퀸,1024,커피마마퀸 조암점,847-87-00943,B0000117,젤라소프트,젤라소프트,"3,500",아이스크림
457,coffeemama,커피마마퀸,1024,커피마마퀸 조암점,847-87-00943,B0000118,아포가토(Only Iced),아포가토(Only Iced),"4,500",아포카토
458,coffeemama,커피마마퀸,1024,커피마마퀸 조암점,847-87-00943,B0000447,플레인 소프트,플레인 소프트,"1,500",아이스크림
459,coffeemama,커피마마퀸,1024,커피마마퀸 조암점,847-87-00943,B0000448,콘소프트 ,콘소프트 ,"2,000",아이스크림
460,coffeemama,커피마마퀸,1024,커피마마퀸 조암점,847-87-00943,B0000449,망고소프트 ,망고소프트 ,"3,300",아이스크림
461,coffeemama,커피마마퀸,1024,커피마마퀸 조암점,847-87-00943,B0000450,초코쿠키소프트,초코쿠키소프트,"3,300",아이스크림
462,coffeemama,커피마마퀸,1024,커피마마퀸 조암점,847-87-00943,B0000451,아포가토소프트,아포가토소프트,"3,000",아이스크림
463,coffeemama,커피마마퀸,1024,커피마마퀸 조암점,847-87-00943,B0000119,Hot,Hot,0,옵션
464,coffeemama,커피마마퀸,1024,커피마마퀸 조암점,847-87-00943,B0000120,Ice,Ice,0,옵션
465,coffeemama,커피마마퀸,1024,커피마마퀸 조암점,847-87-00943,B0000121,선택 없음,선택 없음,0,옵션
466,coffeemama,커피마마퀸,1024,커피마마퀸 조암점,847-87-00943,B0000122,바닐라시럽 추가,바닐라시럽 추가,500,옵션
467,coffeemama,커피마마퀸,1024,커피마마퀸 조암점,847-87-00943,B0000123,샷 추가,샷 추가,500,옵션
468,coffeemama,커피마마퀸,1024,커피마마퀸 조암점,847-87-00943,B0000124,휘핑 추가,휘핑 추가,500,옵션
469,coffeemama,커피마마퀸,1024,커피마마퀸 조암점,847-87-00943,B0000125,코코넛 젤리 추가,코코넛 젤리 추가,500,옵션
470,coffeemama,커피마마퀸,1024,커피마마퀸 조암점,847-87-00943,B0000126,라떼로 변경 1잔,라떼로 변경 1잔,"1,000",옵션
471,coffeemama,커피마마퀸,1024,커피마마퀸 조암점,847-87-00943,B0000127,로키로드 쿠키,로키로드,0,쿠키
472,coffeemama,커피마마퀸,1024,커피마마퀸 조암점,847-87-00943,B0000128,오트밀레이즌 쿠키,오트밀레이즌,0,쿠키
473,coffeemama,커피마마퀸,1024,커피마마퀸 조암점,847-87-00943,B0000129,초콜릿 청크 쿠키,초콜릿 청크,0,쿠키
474,coffeemama,커피마마퀸,1024,커피마마퀸 조암점,847-87-00943,B0000130,허니버터 베이글칩,허니버터,0,베이글칩
475,coffeemama,커피마마퀸,1024,커피마마퀸 조암점,847-87-00943,B0000131,갈릭버터 베이글칩,갈릭버터,0,베이글칩
476,coffeemama,커피마마퀸,1024,커피마마퀸 조암점,847-87-00943,B0000132,나폴리타너 웨하스,나폴리타너,0,웨하스
477,coffeemama,커피마마퀸,1024,커피마마퀸 조암점,847-87-00943,B0000133,바닐라 웨하스,바닐라,0,웨하스
478,coffeemama,커피마마퀸,1024,커피마마퀸 조암점,847-87-00943,B0000134,민트파르페 앤디스초콜릿,민트파르페,0,초콜릿
479,coffeemama,커피마마퀸,1024,커피마마퀸 조암점,847-87-00943,B0000135,크림데민트 앤디스초콜릿,크림데민트,0,초콜릿
480,coffeemama,커피마마퀸,1024,커피마마퀸 조암점,847-87-00943,B0000136,바닐라 비스킷슈,바닐라,0,비스킷 슈
481,coffeemama,커피마마퀸,1024,커피마마퀸 조암점,847-87-00943,B0000137,초코 비스킷슈,초코,0,비스킷슈
482,coffeemama,커피마마퀸,1024,커피마마퀸 조암점,847-87-00943,B0000138,월넛 말렌카케이크,월넛,0,케이크
483,coffeemama,커피마마퀸,1024,커피마마퀸 조암점,847-87-00943,B0000139,코코아 말렌카케이크,코코아,0,케이크
484,coffeemama,커피마마퀸,1024,커피마마퀸 조암점,847-87-00943,B0000140,초코 머핀,초코,0,머핀
485,coffeemama,커피마마퀸,1024,커피마마퀸 조암점,847-87-00943,B0000141,블루베리 머핀,블루베리,0,머핀
486,coffeemama,커피마마퀸,1024,커피마마퀸 조암점,847-87-00943,B0000142,말차초코 마카롱,말차초코,0,마카롱
487,coffeemama,커피마마퀸,1024,커피마마퀸 조암점,847-87-00943,B0000143,핑크딸기 마카롱,핑크딸기,0,마카롱
488,coffeemama,커피마마퀸,1024,커피마마퀸 조암점,847-87-00943,B0000144,황치즈 마카롱,황치즈,0,마카롱
489,coffeemama,커피마마퀸,1024,커피마마퀸 조암점,847-87-00943,B0000145,얼그레이 마카롱,얼그레이,0,마카롱
490,coffeemama,커피마마퀸,1024,커피마마퀸 조암점,847-87-00943,B0000146,초코라떼 마카롱,초코라떼,0,마카롱
491,coffeemama,커피마마퀸,1024,커피마마퀸 조암점,847-87-00943,B0000147,플레인 베이글,플레인,0,베이글
492,coffeemama,커피마마퀸,1024,커피마마퀸 조암점,847-87-00943,B0000148,어니언 베이글,어니언,0,베이글
493,coffeemama,커피마마퀸,1024,커피마마퀸 조암점,847-87-00943,B0000149,블루베리 베이글,블루베리,0,베이글
494,coffeemama,커피마마퀸,1024,커피마마퀸 조암점,847-87-00943,B0000150,건포도 스콘,건포도,0,스콘
495,coffeemama,커피마마퀸,1024,커피마마퀸 조암점,847-87-00943,B0000151,호두 스콘,호두,0,스콘
496,coffeemama,커피마마퀸,1024,커피마마퀸 조암점,847-87-00943,B0000152,바닐라 젤라소프트,바닐라,0,아이스크림
497,coffeemama,커피마마퀸,1024,커피마마퀸 조암점,847-87-00943,B0000153,바닐라&초코 젤라소프트,바닐라&초코,0,아이스크림
498,coffeemama,커피마마퀸,1024,커피마마퀸 조암점,847-87-00943,B0000154,망고 젤라소프트,망고,0,아이스크림
